nin,school,level,enrolment_year,status
75364556815,Highland Senior Secondary School,Senior Secondary,2025,active
09320819672,Riverside Senior Secondary School,Senior Secondary,2022,active
48876634400,Northern Senior Secondary School,Senior Secondary,2023,active
47513627010,Central Senior Secondary School,Senior Secondary,2023,active
08452059972,Riverside Senior Secondary School,Senior Secondary,2023,active
22948662836,Northern Senior Secondary School,Senior Secondary,2024,active
87547517799,Capital Senior Secondary School,Senior Secondary,2024,active
31860320807,Riverside Senior Secondary School,Senior Secondary,2025,active
22646861642,Lakeside Senior Secondary School,Senior Secondary,2022,active
58771884133,Lakeside Senior Secondary School,Senior Secondary,2022,active
25898319489,Coastal Senior Secondary School,Senior Secondary,2023,active
41621052185,Highland Senior Secondary School,Senior Secondary,2023,active
93976158464,Coastal Senior Secondary School,Senior Secondary,2023,active
14659085380,Central Senior Secondary School,Senior Secondary,2022,active
40692566636,Central Senior Secondary School,Senior Secondary,2022,active
23004876452,Highland Senior Secondary School,Senior Secondary,2022,active
85003703826,Central Senior Secondary School,Senior Secondary,2025,transferred
78794326270,Central Senior Secondary School,Senior Secondary,2024,active
42108394906,Riverside Senior Secondary School,Senior Secondary,2024,active
65844093244,Lakeside Senior Secondary School,Senior Secondary,2022,active
76582802582,Central Senior Secondary School,Senior Secondary,2023,active
54382993215,Capital Senior Secondary School,Senior Secondary,2025,active
71883579511,Northern Senior Secondary School,Senior Secondary,2024,transferred
68855765237,Coastal Senior Secondary School,Senior Secondary,2023,active
26451547428,Riverside Senior Secondary School,Senior Secondary,2022,active
76608565178,Riverside Senior Secondary School,Senior Secondary,2024,active
84259967750,Coastal Senior Secondary School,Senior Secondary,2025,transferred
78495183801,Highland Senior Secondary School,Senior Secondary,2022,active
68982104602,Riverside Senior Secondary School,Senior Secondary,2025,active
74754072075,Riverside Senior Secondary School,Senior Secondary,2025,active
90618847918,Lakeside Senior Secondary School,Senior Secondary,2022,active
24886193073,Riverside Senior Secondary School,Senior Secondary,2022,transferred
28556898329,Northern Senior Secondary School,Senior Secondary,2024,active
04422485272,Highland Senior Secondary School,Senior Secondary,2025,active
43858176252,Capital Senior Secondary School,Senior Secondary,2022,active
02831663233,Highland Senior Secondary School,Senior Secondary,2024,active
53478971331,Highland Senior Secondary School,Senior Secondary,2025,active
63608244560,Lakeside Senior Secondary School,Senior Secondary,2025,transferred
57699085417,Lakeside Senior Secondary School,Senior Secondary,2022,active
19018791697,Capital Senior Secondary School,Senior Secondary,2023,active
28400198152,Capital Senior Secondary School,Senior Secondary,2025,active
56073927319,Riverside Senior Secondary School,Senior Secondary,2025,active
87243854690,Capital Senior Secondary School,Senior Secondary,2025,active
82761166033,Capital Senior Secondary School,Senior Secondary,2024,active
81780578037,Lakeside Senior Secondary School,Senior Secondary,2025,transferred
07418288983,Riverside Senior Secondary School,Senior Secondary,2025,active
