nin,given_name,family_name,date_of_birth,sex,region,mother_name,birth_registration_no,residence_address
81399869879,Neema,Nyakeru,2007-01-20,F,Riverside Province,Nia Kivuli,BR401193,"House 26, Riverside Province"
75364556815,Juma,Kivuli,2010-09-10,M,Highland Province,Halima Nyakeru,BR247732,"House 166, Highland Province"
55761698716,Juma,Pemvani,2010-08-13,M,Highland Province,Lulu Sanyika,BR985499,"House 108, Highland Province"
09320819672,Musa,Nyakeru,2007-02-21,M,Riverside Province,Ayana Nyakeru,BR807058,"House 121, Riverside Province"
48876634400,Musa,Toreni,2010-08-26,M,Northern Province,Lulu Nyakeru,BR477420,"House 52, Northern Province"
78768045717,Themba,Zimbeli,2010-05-15,M,Northern Province,Imani Lumbazi,BR983362,"House 187, Northern Province"
47513627010,Baraka,Nyakeru,2010-09-27,M,Central Province,Nia Shandoro,BR932328,"House 51, Central Province"
08452059972,Nia,Pemvani,2007-08-19,F,Riverside Province,Imani Shandoro,BR826187,"House 130, Riverside Province"
22948662836,Baraka,Malando,2006-07-03,M,Northern Province,Amara Ruvelo,BR463874,"House 166, Northern Province"
87547517799,Juma,Ondaka,2007-03-19,M,Capital Province,Lulu Mbaleka,BR554670,"House 160, Capital Province"
31860320807,Tariq,Ruvelo,2007-08-23,M,Riverside Province,Chipo Malando,BR235412,"House 166, Riverside Province"
22646861642,Lulu,Chiwoso,2007-05-15,F,Lakeside Province,Asha Ondaka,BR954583,"House 107, Lakeside Province"
58771884133,Tariq,Malando,2006-08-21,M,Lakeside Province,Neema Lumbazi,BR671536,"House 172, Lakeside Province"
25898319489,Amara,Zimbeli,2007-10-10,F,Coastal Province,Tendai Sanyika,BR802868,"House 143, Coastal Province"
41621052185,Nia,Sanyika,2010-02-10,F,Highland Province,Neema Toreni,BR373529,"House 66, Highland Province"
46001304118,Amara,Shandoro,2008-06-25,F,Northern Province,Asha Shandoro,BR756123,"House 168, Northern Province"
93976158464,Rehema,Ruvelo,2008-01-24,F,Coastal Province,Ayana Lumbazi,BR124812,"House 73, Coastal Province"
14659085380,Jabari,Zimbeli,2006-03-20,M,Central Province,Nia Kivuli,BR139131,"House 33, Central Province"
40692566636,Neo,Wakesa,2007-03-06,M,Central Province,Lulu Malando,BR793698,"House 184, Central Province"
23004876452,Jabari,Wakesa,2010-02-27,M,Highland Province,Imani Pemvani,BR139855,"House 167, Highland Province"
85003703826,Kamau,Zimbeli,2008-04-18,M,Central Province,Halima Chiwoso,BR310742,"House 96, Central Province"
78794326270,Tariq,Chiwoso,2010-12-14,M,Central Province,Amara Wakesa,BR280955,"House 22, Central Province"
42108394906,Kamau,Lumbazi,2010-09-26,M,Riverside Province,Chipo Wakesa,BR265721,"House 131, Riverside Province"
65844093244,Nia,Pemvani,2008-06-05,F,Lakeside Province,Rehema Mbaleka,BR883289,"House 162, Lakeside Province"
76582802582,Tendai,Toreni,2006-02-17,F,Central Province,Chipo Zimbeli,BR774658,"House 197, Central Province"
54382993215,Neema,Nyakeru,2006-12-03,F,Capital Province,Rehema Sanyika,BR746923,"House 78, Capital Province"
71883579511,Neema,Ondaka,2006-08-25,F,Northern Province,Halima Sanyika,BR889884,"House 170, Northern Province"
68855765237,Imani,Mbaleka,2008-06-14,F,Coastal Province,Tendai Lumbazi,BR323216,"House 40, Coastal Province"
26451547428,Themba,Wakesa,2008-04-11,M,Riverside Province,Imani Pemvani,BR909943,"House 32, Riverside Province"
76608565178,Jabari,Pemvani,2007-07-12,M,Riverside Province,Chipo Chiwoso,BR162947,"House 103, Riverside Province"
84259967750,Amara,Malando,2007-11-04,F,Coastal Province,Chipo Ruvelo,BR381693,"House 84, Coastal Province"
78495183801,Zuri,Toreni,2008-04-15,F,Highland Province,Zuri Shandoro,BR805841,"House 44, Highland Province"
68982104602,Baraka,Pemvani,2010-04-16,M,Riverside Province,Chipo Wakesa,BR457843,"House 88, Riverside Province"
74754072075,Kamau,Sanyika,2009-04-12,M,Riverside Province,Halima Pemvani,BR983160,"House 188, Riverside Province"
90618847918,Jabari,Pemvani,2010-06-16,M,Lakeside Province,Neema Wakesa,BR456106,"House 93, Lakeside Province"
24886193073,Nia,Mbaleka,2009-09-28,F,Riverside Province,Lulu Toreni,BR638634,"House 55, Riverside Province"
28556898329,Themba,Pemvani,2007-12-05,M,Northern Province,Imani Ondaka,BR955520,"House 169, Northern Province"
04422485272,Chipo,Toreni,2006-03-22,F,Highland Province,Imani Lumbazi,BR772373,"House 160, Highland Province"
43858176252,Musa,Zimbeli,2010-01-16,M,Capital Province,Amara Malando,BR199254,"House 91, Capital Province"
02831663233,Kamau,Wakesa,2009-04-12,M,Highland Province,Imani Pemvani,BR542470,"House 185, Highland Province"
53478971331,Tariq,Ondaka,2006-06-23,M,Highland Province,Chipo Shandoro,BR821326,"House 41, Highland Province"
63608244560,Imani,Nyakeru,2010-08-09,F,Lakeside Province,Neema Nyakeru,BR244648,"House 28, Lakeside Province"
57699085417,Lulu,Nyakeru,2008-09-27,F,Lakeside Province,Lulu Ruvelo,BR656071,"House 26, Lakeside Province"
19018791697,Jabari,Shandoro,2009-09-01,M,Capital Province,Imani Chiwoso,BR240845,"House 7, Capital Province"
28400198152,Rehema,Sanyika,2009-04-11,F,Capital Province,Ayana Nyakeru,BR823994,"House 63, Capital Province"
56073927319,Tumelo,Nyakeru,2010-07-16,M,Riverside Province,Lulu Malando,BR623192,"House 56, Riverside Province"
87243854690,Themba,Chiwoso,2010-09-06,M,Capital Province,Lulu Kivuli,BR690085,"House 95, Capital Province"
82761166033,Tendai,Malando,2008-03-17,F,Capital Province,Halima Chiwoso,BR188659,"House 66, Capital Province"
81780578037,Amara,Malando,2008-02-06,F,Lakeside Province,Chipo Kivuli,BR392681,"House 53, Lakeside Province"
07418288983,Halima,Nyakeru,2006-09-12,F,Riverside Province,Zuri Pemvani,BR512069,"House 119, Riverside Province"
